"mot clé","volume"
"Meilleures Ventes","720"
"Tous Nos Mocassins Femme","0"
"Mocassin Talon","2900"
"Mocassin Compensées Femme","1600"
"Mocassin Plateforme Femme","1900"
"Mocassin Bateau Femme","1600"
"Mocassin à Lacets Femme","880"
"Mules Mocassin Femme","1300"
"Mocassin à Gland Femme","210"
"Mocassin Noir Femme","8100"
"Mocassin Marron Femme","6600"
"Mocassin Beige Femme","3600"
"Mocassin Bordeaux Femme","1900"
"Mocassin Bleu Marine Femme","1600"
"Mocassin Femme Léopard","1900"
"Mocassin Blanc Femme","1300"
"Mocassin Argenté Femme","320"
"Mocassin Rouge Femme","590"
"Mocassin Rose Femme","390"
"Mocassin Orange Femme","110"
"Mocassin Jaune Femme","110"
"Mocassin Violet Femme","40"
"Mocassin Cuir Femme","8100"
"Mocassin En Daim Femme","4400"
"Mocassin Vernis Femme","1300"
"Tous Nos Mocassins Homme","0"
"Mocassin À Gland Homme","720"
"Mocassin Bateau Homme","720"
"Mocassin À Lacets Homme","20"
"Mules Mocassin Homme","260"
"Mocassin Noir Homme","6600"
"Mocassin Beige Homme","3600"
"Mocassin Marron Homme","3600"
"Mocassin Blanc Homme","1900"
"Mocassin Bleu Marine Homme","880"
"Mocassin Rouge Homme","320"
"Mocassin Vert Homme","320"
"Mocassin Gris Homme","260"
"Mocassin Orange Homme","110"
"Mocassin Jaune Homme","70"
"Mocassin Doré Homme","10"
"Mocassin Violet Homme","40"
"Mocassin Cuir Homme","5400"
"Mocassin Daim Homme","3600"
"Mocassin Vernis Homme","390"
"Mocassin À Gland","3600"
"Mocassin Bateau","1300"
"Mules Mocassin","590"
"Mocassin À Lacets","50"
"Mocassin Cuir","3600"
"Mocassin Daim","4400"
"Mocassin Vernis","590"
"Mocassin Noir","5400"
"Mocassin Marron","4400"
"Mocassin Beige","2400"
"Mocassin Léopard","1600"
"Mocassin Blanc","1300"
"Mocassin Bordeaux","1900"
"Mocassin Doré","590"
"Mocassin Bleu Marine","590"
"Mocassin Rouge","590"
"Mocassin Rose","390"
"Mocassin Argenté","260"
"Mocassin Gris","170"
"Mocassin Jaune","110"
"Mocassin Orange","90"
"Mocassin Violet","50"
"Mocassin Fille","0"
"Mocassin Garçon","0"
"Mocassin Bébé Fille","0"
"Mocassin Bébé Garçon","0"
